order_id,client_id,product_id,order_date,quantity
1,2,31,2024-12-23,4
2,41,1,2024-02-01,10
3,23,25,2024-12-06,7
4,68,2,2024-04-23,6
5,72,44,2024-03-27,1
6,82,27,2024-02-26,3
7,93,25,2024-07-29,4
8,25,7,2024-04-11,7
9,40,12,2024-09-08,10
10,7,45,2024-06-18,2
11,60,6,2024-07-29,2
12,85,8,2024-06-17,4
13,95,18,2024-09-30,10
14,96,20,2024-04-21,2
15,68,25,2024-06-08,10
16,90,1,2024-09-12,3
17,81,44,2024-09-01,9
18,48,19,2024-04-07,3
19,75,21,2024-01-29,10
20,86,24,2024-03-22,5
21,59,16,2024-06-06,1
22,73,32,2024-09-27,9
23,76,50,2024-03-30,2
24,52,21,2024-01-05,2
25,23,43,2024-06-06,2
26,73,45,2024-06-03,3
27,63,16,2024-06-09,7
28,76,16,2024-04-10,9
29,45,30,2024-06-07,10
30,74,20,2024-08-08,1
31,69,27,2024-03-30,9
32,67,24,2024-04-24,6
33,7,27,2024-04-20,10
34,32,25,2024-04-27,7
35,68,40,2024-04-09,10
36,69,19,2024-01-14,4
37,31,24,2024-04-01,5
38,79,11,2024-09-30,10
39,60,15,2024-11-16,2
40,21,40,2024-05-05,9
41,30,16,2024-04-02,3
42,30,49,2024-05-10,5
43,28,16,2024-05-11,8
44,40,41,2024-02-24,10
45,41,13,2024-05-20,1
46,67,25,2024-10-26,3
47,91,28,2024-04-23,5
48,2,23,2024-10-07,5
49,56,18,2024-11-18,5
50,33,17,2024-11-02,7
51,94,14,2023-12-26,6
52,82,33,2024-11-23,4
53,97,29,2024-07-05,1
54,25,13,2024-12-11,7
55,76,8,2024-01-02,7
56,13,13,2024-12-05,8
57,78,20,2024-02-24,10
58,64,40,2024-07-18,5
59,37,37,2024-12-01,6
60,26,33,2024-05-13,4
61,52,31,2024-02-05,1
62,13,35,2024-07-06,4
63,57,37,2024-05-13,10
64,86,23,2024-04-20,6
65,2,32,2024-11-04,8
66,68,10,2024-02-08,3
67,34,19,2024-01-01,3
68,10,11,2024-08-20,6
69,28,41,2024-11-14,4
70,78,14,2024-11-30,3
71,87,2,2024-05-26,7
72,82,43,2024-10-18,3
73,57,15,2024-07-14,1
74,56,16,2024-07-16,6
75,73,23,2024-11-22,3
76,99,27,2024-07-24,9
77,41,48,2024-05-25,5
78,29,42,2024-10-31,4
79,63,31,2024-10-02,9
80,26,37,2024-12-15,7
81,50,11,2024-08-15,9
82,79,35,2024-05-21,4
83,23,36,2024-07-23,9
84,36,24,2024-04-12,3
85,31,44,2024-10-06,7
86,13,31,2024-10-03,10
87,62,40,2024-09-09,8
88,74,41,2024-01-07,2
89,45,18,2024-06-04,5
90,76,25,2024-09-15,3
91,6,28,2024-02-03,5
92,70,42,2024-06-11,6
93,51,28,2024-09-25,6
94,99,34,2024-09-07,5
95,90,11,2024-01-04,10
96,49,10,2024-06-18,9
97,69,37,2024-05-22,9
98,2,11,2024-07-09,4
99,100,50,2024-08-25,7
100,1,37,2024-05-14,7
101,15,43,2024-10-29,1
102,35,11,2024-05-16,9
103,22,34,2024-12-13,4
104,51,24,2024-09-10,6
105,22,24,2024-11-11,6
106,58,2,2024-09-26,8
107,39,10,2024-04-17,9
108,79,41,2023-12-25,7
109,46,42,2024-09-18,2
110,17,37,2024-10-07,10
111,38,28,2024-12-23,5
112,80,30,2024-02-15,6
113,18,35,2024-03-20,4
114,72,45,2024-03-06,2
115,72,27,2024-06-11,8
116,50,11,2024-02-17,10
117,3,13,2024-03-08,6
118,42,1,2024-03-11,10
119,41,7,2024-02-17,5
120,21,45,2024-05-12,10
121,54,27,2024-08-07,3
122,90,11,2024-02-11,10
123,52,2,2024-07-26,3
124,7,21,2024-11-19,4
125,19,25,2024-08-04,2
126,30,29,2024-03-09,7
127,8,11,2024-09-14,3
128,100,6,2024-08-27,8
129,57,13,2024-02-11,4
130,76,15,2024-01-07,6
131,52,40,2024-02-09,9
132,7,15,2024-02-24,6
133,43,32,2024-01-13,7
134,100,23,2024-04-30,6
135,89,35,2024-03-20,6
136,2,17,2024-07-01,5
137,9,16,2024-09-12,5
138,26,48,2024-05-05,2
139,55,33,2024-03-04,7
140,12,19,2024-06-29,10
141,57,32,2024-07-31,8
142,6,9,2024-01-22,4
143,83,20,2024-06-30,6
144,92,46,2024-06-05,5
145,11,7,2023-12-31,3
146,54,25,2024-07-28,6
147,53,49,2024-06-01,4
148,2,29,2024-04-19,3
149,42,21,2024-10-01,6
150,38,5,2024-07-21,1
151,34,12,2024-03-06,5
152,33,6,2024-09-03,8
153,67,50,2024-07-30,4
154,61,32,2024-03-22,3
155,30,43,2024-01-02,5
156,29,27,2024-03-30,9
157,73,15,2024-03-15,3
158,4,44,2024-02-07,8
159,68,4,2024-07-07,1
160,45,13,2024-09-19,8
161,21,47,2024-03-07,1
162,39,39,2024-06-13,9
163,51,46,2024-10-04,2
164,30,33,2024-11-19,3
165,93,32,2024-12-01,9
166,83,40,2024-11-24,9
167,98,21,2024-09-29,1
168,86,22,2024-05-27,9
169,25,33,2024-04-18,6
170,40,12,2024-11-07,2
171,27,32,2024-04-12,5
172,76,9,2024-08-22,10
173,93,36,2024-11-27,2
174,69,5,2024-04-23,3
175,9,47,2024-03-30,7
176,80,3,2024-01-05,7
177,42,19,2024-10-27,10
178,30,40,2024-07-18,7
179,13,5,2024-01-17,3
180,34,30,2024-08-10,4
181,44,5,2024-09-21,1
182,61,29,2024-05-11,8
183,63,40,2024-03-21,3
184,63,26,2024-10-06,1
185,61,43,2024-05-18,5
186,48,32,2024-10-09,7
187,59,20,2024-04-17,2
188,95,7,2024-07-21,1
189,87,18,2024-11-26,6
190,65,8,2024-01-17,7
191,73,21,2024-12-04,4
192,92,37,2024-05-26,10
193,21,29,2024-12-21,3
194,65,19,2024-01-12,5
195,20,5,2024-05-05,6
196,81,9,2024-05-17,5
197,73,28,2024-12-07,3
198,45,40,2024-01-23,4
199,30,21,2024-09-26,1
200,56,34,2024-04-19,5
201,18,14,2024-05-17,4
202,31,42,2024-04-12,1
203,49,42,2024-03-21,6
204,55,10,2024-02-01,3
205,4,14,2024-12-22,8
206,99,7,2024-11-08,4
207,98,36,2024-03-11,3
208,63,28,2024-08-11,10
209,40,29,2024-11-18,1
210,6,36,2024-04-09,2
211,40,34,2024-11-14,8
212,37,33,2024-10-05,9
213,61,47,2024-01-15,8
214,3,35,2024-02-14,5
215,26,18,2024-09-03,5
216,34,39,2024-05-27,4
217,89,27,2024-12-11,8
218,15,35,2024-01-25,4
219,55,18,2024-03-06,5
220,92,15,2024-05-18,1
221,68,22,2024-10-26,2
222,23,1,2024-08-26,9
223,31,11,2024-05-06,7
224,74,44,2024-08-02,6
225,44,48,2024-10-29,2
226,96,17,2024-05-29,8
227,75,17,2024-03-26,8
228,65,12,2024-12-23,3
229,37,27,2024-06-22,5
230,10,15,2024-01-26,2
231,26,13,2024-05-23,5
232,59,5,2024-05-13,2
233,95,7,2024-09-01,5
234,54,41,2024-10-05,3
235,45,29,2024-02-23,2
236,5,17,2024-12-19,9
237,30,41,2024-01-12,6
238,63,31,2024-11-21,1
239,26,12,2024-09-10,1
240,60,42,2024-09-13,8
241,89,10,2024-01-13,7
242,7,23,2024-10-05,4
243,82,43,2024-10-27,8
244,75,17,2024-09-06,6
245,75,10,2024-06-05,4
246,23,22,2024-11-01,4
247,87,11,2024-11-08,5
248,48,14,2024-10-06,2
249,71,4,2024-01-18,5
250,61,30,2023-12-29,3
251,76,9,2024-11-03,6
252,77,21,2024-01-02,5
253,45,2,2024-02-09,3
254,41,29,2024-09-19,9
255,95,18,2023-12-24,6
256,11,38,2024-09-26,8
257,34,5,2024-06-05,8
258,86,24,2024-09-25,2
259,10,43,2024-02-05,2
260,72,36,2024-01-25,6
261,65,9,2024-05-13,1
262,62,40,2024-05-27,2
263,31,47,2024-02-09,1
264,99,38,2024-05-21,10
265,96,5,2024-08-15,10
266,22,14,2024-02-13,8
267,93,15,2024-12-01,10
268,15,38,2024-01-14,6
269,63,48,2024-08-01,9
270,83,7,2024-12-10,9
271,7,41,2024-04-24,5
272,43,34,2024-01-07,9
273,14,3,2024-12-04,3
274,62,36,2024-07-12,4
275,64,39,2024-11-14,10
276,79,19,2024-05-07,2
277,6,30,2024-08-11,1
278,87,31,2024-10-10,9
279,60,33,2024-09-20,1
280,85,1,2024-10-24,7
281,6,5,2024-02-26,5
282,11,44,2024-05-05,4
283,36,33,2024-09-09,2
284,43,43,2024-11-12,8
285,21,12,2024-03-11,3
286,63,26,2024-03-21,7
287,69,13,2024-11-17,10
288,36,12,2024-11-05,3
289,89,11,2024-04-16,4
290,8,16,2024-10-17,1
291,98,19,2024-10-09,3
292,80,8,2024-01-07,6
293,7,12,2024-10-25,4
294,9,30,2024-05-21,2
295,47,41,2024-07-29,8
296,78,23,2023-12-24,6
297,43,45,2024-10-29,3
298,15,45,2024-08-20,5
299,67,12,2024-01-10,5
300,80,9,2024-09-12,7
301,75,5,2024-01-13,7
302,4,8,2024-03-22,5
303,96,36,2024-10-12,9
304,82,47,2024-05-16,10
305,34,23,2024-10-07,3
306,90,39,2024-04-07,7
307,18,10,2024-11-30,8
308,33,50,2024-10-17,3
309,78,36,2024-04-29,5
310,75,31,2024-08-03,1
311,50,30,2024-07-04,10
312,12,32,2024-01-11,3
313,83,32,2024-11-07,9
314,64,4,2024-01-23,2
315,14,16,2024-12-02,7
316,32,11,2024-03-03,9
317,45,9,2024-07-08,6
318,86,37,2024-02-19,1
319,61,22,2024-07-22,6
320,88,34,2024-12-01,3
321,80,13,2024-09-24,4
322,3,29,2024-08-24,1
323,26,49,2024-08-30,3
324,35,29,2024-12-02,1
325,15,18,2024-05-26,6
326,17,5,2024-02-21,2
327,94,34,2024-01-19,9
328,69,38,2024-02-02,10
329,83,40,2024-10-17,6
330,49,22,2024-08-02,10
331,76,26,2024-05-09,8
332,14,47,2024-09-18,5
333,69,47,2024-12-11,9
334,6,3,2024-08-20,3
335,7,16,2024-06-18,2
336,50,36,2024-06-04,9
337,3,8,2024-05-22,1
338,7,42,2024-11-08,5
339,39,46,2024-12-04,9
340,22,22,2024-08-27,7
341,73,24,2024-09-10,2
342,26,12,2023-12-31,9
343,17,9,2024-01-16,2
344,17,11,2024-04-07,8
345,35,23,2024-11-15,7
346,39,43,2024-06-15,2
347,22,12,2024-02-28,6
348,43,34,2024-06-16,2
349,26,46,2024-05-06,4
350,92,30,2024-12-21,3
351,72,29,2024-10-12,6
352,69,42,2024-03-16,3
353,92,7,2024-12-21,5
354,98,45,2024-02-27,4
355,56,27,2024-01-01,5
356,21,33,2024-11-29,1
357,19,6,2024-12-13,7
358,46,10,2024-08-07,10
359,79,40,2024-01-05,4
360,3,8,2024-06-17,8
361,34,23,2024-01-22,2
362,23,12,2024-09-03,9
363,11,26,2024-12-20,7
364,6,45,2024-09-05,9
365,48,5,2024-08-30,6
366,97,1,2024-06-18,4
367,80,33,2024-05-21,10
368,87,26,2024-09-08,9
369,4,28,2024-03-07,6
370,51,22,2024-11-04,10
371,51,13,2024-05-17,5
372,61,38,2024-01-20,5
373,4,22,2024-04-26,2
374,18,30,2024-09-02,4
375,40,18,2024-06-15,2
376,65,2,2024-09-19,5
377,39,49,2024-06-14,7
378,39,49,2024-03-14,4
379,95,21,2024-01-23,8
380,21,28,2024-02-18,8
381,4,42,2024-08-20,1
382,23,34,2024-10-11,1
383,50,2,2024-01-20,2
384,78,2,2024-04-21,2
385,27,28,2024-10-28,10
386,60,38,2024-01-27,9
387,43,13,2024-08-19,7
388,44,5,2024-04-18,10
389,71,40,2024-03-04,5
390,60,25,2024-03-14,8
391,62,8,2024-05-18,7
392,82,22,2024-09-25,3
393,89,14,2024-12-18,4
394,54,16,2024-05-09,7
395,82,22,2024-06-29,8
396,5,27,2024-03-08,5
397,88,4,2024-11-27,3
398,24,47,2024-04-28,4
399,29,25,2024-08-04,6
400,33,8,2024-05-22,9
401,26,9,2024-04-08,10
402,58,12,2024-04-28,3
403,9,42,2024-01-04,8
404,95,6,2024-02-12,9
405,94,10,2024-12-23,3
406,95,8,2024-10-09,3
407,99,35,2024-05-28,7
408,39,5,2024-01-22,9
409,24,42,2024-06-24,2
410,32,10,2024-06-30,6
411,67,10,2024-12-23,9
412,7,7,2024-08-12,4
413,21,49,2024-02-03,6
414,92,13,2024-07-27,9
415,56,1,2024-10-31,4
416,100,38,2024-09-28,7
417,59,2,2024-09-13,10
418,29,14,2024-03-18,3
419,65,35,2024-11-02,5
420,5,33,2024-05-27,7
421,9,38,2024-06-08,1
422,28,36,2024-08-03,6
423,12,13,2024-02-08,1
424,10,38,2024-02-20,9
425,54,15,2024-05-18,10
426,60,17,2024-10-31,8
427,1,23,2024-07-08,6
428,81,47,2024-09-27,3
429,63,9,2024-11-14,6
430,4,28,2024-04-08,3
431,85,7,2024-09-20,4
432,91,20,2024-08-07,4
433,21,21,2024-04-02,8
434,17,17,2024-01-09,10
435,80,29,2024-06-28,7
436,42,42,2024-10-04,4
437,99,18,2024-09-21,10
438,76,35,2024-06-14,8
439,47,29,2024-02-14,4
440,76,20,2023-12-31,7
441,16,38,2024-03-07,6
442,57,5,2024-08-12,2
443,9,12,2024-11-18,9
444,27,50,2024-06-25,5
445,48,44,2024-11-15,3
446,14,12,2024-04-26,1
447,95,23,2024-10-04,8
448,38,38,2024-05-27,2
449,33,21,2024-03-06,5
450,13,22,2024-02-25,4
451,95,29,2024-06-03,5
452,19,17,2024-12-11,7
453,69,31,2024-03-21,7
454,21,7,2024-09-03,4
455,24,2,2024-07-27,10
456,41,39,2024-08-15,3
457,32,24,2023-12-27,3
458,66,41,2024-05-27,10
459,43,1,2024-12-12,6
460,93,8,2024-03-05,5
461,47,3,2024-05-21,2
462,75,14,2024-01-27,3
463,15,9,2024-12-16,2
464,55,3,2024-05-17,9
465,51,45,2024-07-20,8
466,13,50,2024-06-26,5
467,39,5,2024-07-16,5
468,28,4,2024-07-08,10
469,32,25,2024-11-06,8
470,78,21,2024-03-03,9
471,84,37,2024-09-24,8
472,67,32,2024-11-28,8
473,1,21,2024-10-16,2
474,1,6,2024-06-12,2
475,40,49,2024-04-06,5
476,41,46,2024-09-28,1
477,97,48,2024-10-11,4
478,29,5,2024-04-18,8
479,80,34,2024-09-06,5
480,78,29,2024-07-14,1
481,96,9,2024-05-28,1
482,11,2,2024-02-17,2
483,25,30,2024-07-09,9
484,13,36,2024-08-11,3
485,67,45,2024-10-16,6
486,11,28,2024-02-26,6
487,29,9,2024-09-06,3
488,33,29,2024-11-27,4
489,67,30,2024-05-14,1
490,63,3,2024-05-12,9
491,89,23,2024-05-05,5
492,60,8,2024-04-28,3
493,43,16,2024-12-01,10
494,42,17,2024-05-02,3
495,55,25,2024-06-17,1
496,48,31,2024-04-10,7
497,52,45,2024-07-04,6
498,98,22,2024-12-15,5
499,95,2,2024-05-17,10
500,59,42,2024-01-17,8
501,35,29,2024-12-04,9
502,24,24,2024-04-05,2
503,79,24,2024-06-15,7
504,55,22,2024-04-14,3
505,80,1,2024-05-09,2
506,34,14,2024-02-09,1
507,71,1,2024-12-12,8
508,81,37,2024-11-16,7
509,22,29,2024-04-10,3
510,1,35,2024-01-06,5
511,15,20,2024-12-01,10
512,16,10,2024-06-05,8
513,22,23,2024-10-09,1
514,96,45,2024-11-18,6
515,23,18,2024-10-22,9
516,23,6,2024-06-27,2
517,31,30,2024-08-25,5
518,83,17,2024-10-08,10
519,30,40,2024-04-12,4
520,69,44,2024-06-18,3
521,44,33,2024-10-04,3
522,9,49,2024-09-20,3
523,6,21,2024-09-10,2
524,3,17,2024-05-11,9
525,76,27,2024-01-28,5
526,68,20,2024-04-13,1
527,95,8,2024-05-01,1
528,96,32,2024-04-24,2
529,61,35,2024-04-21,3
530,96,50,2024-09-16,3
531,16,29,2024-01-25,10
532,32,42,2024-12-09,4
533,50,47,2024-05-02,10
534,100,2,2024-04-02,9
535,2,26,2024-08-01,6
536,25,49,2024-01-11,1
537,57,14,2024-10-19,10
538,39,40,2024-09-23,3
539,75,20,2024-10-07,4
540,2,35,2024-12-21,4
541,71,40,2024-12-21,8
542,29,4,2024-12-02,8
543,19,43,2024-02-02,6
544,68,11,2024-02-05,4
545,56,29,2024-08-04,9
546,99,33,2024-07-09,6
547,58,34,2024-08-17,6
548,57,16,2024-07-02,5
549,45,29,2024-01-05,8
550,79,44,2024-07-08,1
551,25,32,2024-03-05,7
552,78,20,2024-12-05,8
553,7,46,2024-10-14,3
554,19,46,2024-01-31,3
555,100,6,2024-04-28,5
556,15,10,2024-08-10,7
557,18,7,2024-07-15,10
558,24,4,2024-11-27,7
559,37,44,2024-07-05,5
560,71,10,2024-03-07,2
561,51,23,2024-12-10,1
562,70,32,2024-05-01,9
563,1,2,2024-06-21,2
564,94,42,2024-10-29,10
565,56,10,2024-09-08,6
566,41,2,2024-04-06,2
567,10,2,2024-02-18,1
568,37,1,2024-07-04,4
569,67,36,2024-12-21,10
570,18,46,2024-10-27,4
571,8,30,2024-10-24,10
572,59,36,2024-02-25,3
573,58,50,2024-11-14,10
574,42,32,2024-11-19,4
575,46,33,2024-10-05,1
576,23,8,2024-05-22,7
577,98,6,2024-07-26,1
578,64,37,2024-02-05,6
579,52,14,2024-10-28,1
580,79,39,2024-09-25,9
581,27,48,2024-01-08,6
582,31,42,2024-04-07,2
583,51,24,2024-09-23,3
584,10,26,2024-10-31,4
585,3,10,2024-04-17,7
586,92,37,2024-02-28,1
587,57,19,2024-04-04,5
588,97,5,2024-01-01,6
589,100,8,2024-01-19,8
590,94,45,2024-08-04,6
591,66,13,2024-02-01,8
592,87,10,2024-03-14,8
593,38,32,2024-09-23,4
594,44,18,2024-06-24,2
595,37,21,2024-04-01,3
596,47,17,2023-12-30,4
597,13,11,2024-05-31,9
598,44,19,2024-06-05,7
599,4,9,2024-07-18,7
600,17,22,2024-09-14,3
601,48,35,2024-02-07,3
602,5,37,2024-10-31,3
603,90,10,2024-08-25,10
604,8,17,2024-12-03,2
605,95,45,2024-04-14,1
606,16,1,2024-02-16,2
607,22,5,2024-01-09,1
608,87,18,2024-05-22,4
609,53,23,2024-03-14,6
610,61,32,2024-02-11,8
611,42,39,2024-12-03,5
612,15,20,2024-08-17,3
613,13,42,2024-05-11,8
614,57,33,2024-01-05,5
615,26,41,2024-11-05,7
616,83,20,2024-05-06,4
617,3,32,2024-05-21,3
618,51,32,2024-10-15,7
619,98,9,2024-01-03,8
620,45,5,2024-11-13,8
621,71,39,2024-07-15,4
622,51,46,2024-05-11,2
623,30,44,2024-05-25,4
624,60,10,2024-05-05,4
625,86,21,2024-01-22,5
626,88,35,2024-01-17,5
627,87,37,2024-06-18,8
628,20,37,2024-02-07,7
629,13,49,2024-02-08,8
630,34,40,2024-05-10,3
631,15,31,2024-06-23,8
632,21,22,2024-08-23,3
633,1,12,2024-06-08,2
634,2,14,2024-09-14,10
635,90,32,2024-11-24,2
636,2,2,2024-05-29,9
637,59,15,2024-11-25,5
638,6,8,2024-12-15,4
639,44,15,2024-12-10,10
640,5,22,2024-02-19,5
641,63,41,2024-02-01,5
642,84,24,2024-04-08,10
643,100,48,2024-08-19,9
644,48,2,2024-03-06,8
645,18,25,2024-11-11,6
646,53,25,2024-03-08,7
647,93,26,2024-10-08,3
648,40,11,2024-05-01,2
649,83,2,2024-09-23,9
650,99,29,2024-05-25,1
651,81,29,2024-10-23,7
652,77,7,2024-12-19,9
653,15,10,2024-02-13,4
654,83,43,2024-05-29,2
655,98,24,2024-01-05,8
656,66,5,2024-07-10,10
657,31,45,2024-09-18,6
658,86,6,2024-11-05,6
659,48,27,2024-12-01,2
660,10,4,2024-02-21,10
661,3,38,2024-07-07,7
662,89,40,2024-09-22,1
663,34,21,2024-05-13,3
664,22,31,2024-06-10,1
665,30,2,2024-12-20,2
666,29,40,2024-04-20,2
667,98,21,2024-01-27,4
668,10,32,2024-01-09,8
669,80,13,2024-11-03,7
670,46,4,2024-06-28,4
671,15,2,2024-09-19,5
672,58,39,2024-05-31,1
673,28,12,2024-02-05,2
674,31,49,2024-08-24,2
675,87,26,2024-07-23,3
676,16,22,2024-03-29,6
677,43,7,2024-03-11,3
678,92,17,2024-08-13,4
679,39,4,2024-01-22,2
680,54,25,2024-12-11,7
681,92,29,2024-05-31,3
682,53,49,2024-04-13,7
683,39,26,2024-08-17,1
684,30,15,2024-06-18,10
685,91,18,2024-01-16,9
686,74,30,2024-12-03,3
687,62,28,2024-04-10,10
688,79,24,2024-10-08,5
689,81,6,2024-11-17,7
690,39,44,2023-12-30,10
691,32,11,2024-09-15,8
692,99,7,2024-12-18,5
693,9,28,2024-06-05,10
694,32,22,2024-09-01,10
695,17,17,2024-04-27,5
696,82,5,2024-04-01,6
697,83,18,2024-10-15,3
698,99,39,2024-07-09,7
699,39,20,2024-11-03,1
700,43,22,2024-11-20,4
701,37,44,2024-11-01,6
702,76,4,2024-02-01,1
703,59,47,2024-05-17,10
704,44,46,2024-10-21,10
705,28,15,2024-03-26,2
706,62,47,2024-01-30,4
707,22,26,2024-04-20,8
708,75,22,2024-07-10,6
709,27,25,2024-10-19,2
710,26,40,2024-09-17,7
711,46,38,2024-02-26,7
712,1,14,2024-06-23,6
713,74,3,2024-09-01,9
714,34,8,2024-05-18,8
715,39,5,2024-08-28,7
716,26,14,2024-04-17,3
717,58,43,2024-10-30,3
718,82,36,2024-10-09,2
719,54,34,2024-09-03,3
720,68,16,2024-12-16,2
721,39,20,2024-11-12,7
722,43,14,2024-08-04,8
723,27,42,2024-06-29,6
724,90,9,2024-01-15,5
725,68,29,2024-04-21,6
726,17,32,2024-10-14,10
727,58,46,2024-06-19,7
728,50,50,2024-05-09,10
729,60,40,2024-12-07,6
730,49,38,2024-10-27,8
731,41,12,2024-08-08,4
732,74,28,2024-11-23,6
733,36,37,2024-12-10,8
734,93,6,2024-11-25,6
735,86,48,2024-07-27,5
736,19,34,2024-12-16,5
737,35,36,2024-03-01,2
738,90,34,2024-01-22,3
739,88,18,2024-08-21,8
740,99,47,2024-07-31,3
741,32,24,2024-08-09,8
742,19,19,2024-12-06,9
743,93,12,2024-04-28,4
744,29,6,2024-03-22,10
745,24,42,2024-02-29,6
746,37,15,2024-02-27,4
747,24,26,2024-11-30,7
748,60,41,2024-09-27,6
749,75,36,2024-03-25,5
750,51,19,2024-02-26,1
751,57,42,2024-07-13,10
752,40,31,2024-05-12,9
753,17,7,2024-11-09,5
754,52,24,2024-10-05,8
755,53,5,2024-02-17,8
756,27,42,2024-04-23,9
757,89,34,2024-05-17,3
758,59,7,2024-07-16,10
759,97,10,2024-12-19,3
760,27,7,2024-09-05,1
761,48,3,2024-02-13,3
762,100,38,2024-08-15,9
763,47,41,2024-11-14,6
764,95,48,2024-03-25,3
765,77,16,2024-07-04,5
766,57,11,2024-03-26,8
767,97,40,2024-03-28,1
768,31,5,2024-08-28,4
769,28,27,2024-09-12,2
770,27,50,2024-11-26,4
771,56,11,2024-07-13,3
772,63,4,2024-03-29,2
773,88,37,2024-05-12,9
774,27,16,2023-12-25,8
775,77,17,2024-02-07,8
776,70,29,2024-06-01,9
777,42,14,2024-09-08,9
778,47,41,2024-05-10,7
779,10,35,2024-05-18,5
780,37,14,2024-05-04,4
781,35,47,2024-09-09,10
782,23,9,2024-11-25,5
783,6,6,2024-07-07,5
784,67,4,2024-05-10,6
785,53,24,2024-09-14,8
786,56,44,2024-12-01,8
787,49,28,2024-09-14,4
788,99,40,2024-11-04,5
789,20,36,2024-09-23,1
790,28,17,2024-08-23,2
791,80,35,2024-02-01,1
792,97,3,2024-11-18,6
793,34,6,2024-07-31,5
794,78,18,2024-02-21,7
795,89,3,2024-06-10,9
796,97,32,2024-11-06,3
797,5,31,2024-12-05,3
798,24,43,2024-04-03,2
799,83,10,2024-10-14,8
800,38,25,2024-05-29,3
801,33,28,2024-10-10,9
802,86,38,2024-09-30,3
803,27,29,2024-03-30,3
804,2,46,2024-10-05,9
805,84,40,2024-09-17,6
806,81,22,2024-02-17,8
807,30,1,2024-07-09,6
808,57,4,2024-12-16,8
809,96,37,2024-11-10,8
810,78,26,2024-04-02,5
811,65,42,2024-05-27,5
812,81,3,2024-02-15,6
813,90,38,2024-02-05,5
814,66,9,2024-04-16,2
815,66,3,2024-03-20,1
816,48,23,2024-02-16,2
817,58,35,2024-08-02,8
818,68,39,2024-12-22,2
819,49,24,2024-07-28,5
820,38,50,2024-06-12,4
821,40,23,2024-05-16,9
822,39,9,2024-02-19,7
823,100,41,2024-04-29,4
824,96,44,2024-07-02,7
825,39,36,2024-06-27,10
826,38,12,2024-12-04,10
827,54,8,2024-05-15,1
828,59,10,2024-09-22,6
829,65,33,2024-04-20,2
830,71,21,2024-01-31,8
831,94,16,2024-10-03,6
832,30,15,2024-03-18,5
833,75,36,2024-10-18,9
834,42,46,2024-11-05,8
835,54,42,2024-01-07,9
836,74,28,2024-07-02,3
837,29,3,2024-11-02,2
838,23,46,2024-09-30,2
839,7,7,2024-12-05,1
840,93,46,2024-08-25,10
841,40,43,2024-01-05,2
842,7,5,2024-12-19,9
843,24,5,2024-09-10,4
844,85,44,2024-08-13,2
845,2,5,2024-10-06,3
846,16,44,2024-02-06,1
847,49,47,2024-06-28,7
848,23,35,2024-01-25,10
849,25,31,2024-07-20,5
850,16,37,2024-11-04,7
851,4,22,2024-10-16,3
852,27,49,2024-05-15,5
853,96,28,2024-08-16,2
854,64,17,2024-12-13,3
855,68,3,2024-05-20,1
856,36,36,2024-03-09,5
857,47,22,2024-03-21,4
858,56,47,2024-07-12,9
859,15,41,2024-10-04,10
860,76,19,2024-02-10,10
861,75,14,2024-06-17,9
862,12,8,2024-02-11,9
863,83,26,2024-06-21,3
864,73,44,2024-03-12,3
865,28,10,2024-08-04,3
866,62,41,2024-09-28,2
867,86,7,2024-09-01,6
868,25,15,2024-04-06,8
869,38,7,2024-05-28,10
870,6,18,2024-10-26,3
871,6,40,2024-08-28,1
872,79,5,2024-04-27,3
873,46,34,2024-08-03,4
874,85,4,2024-04-23,5
875,77,25,2024-07-23,7
876,94,13,2024-04-05,3
877,26,33,2024-07-14,3
878,56,20,2024-02-25,1
879,2,22,2024-04-03,9
880,59,47,2024-08-27,8
881,68,37,2024-01-06,7
882,47,29,2024-11-21,9
883,30,7,2024-11-10,3
884,41,30,2024-05-21,3
885,51,38,2024-10-15,10
886,94,32,2024-03-19,8
887,75,49,2024-08-07,10
888,16,36,2024-03-15,3
889,4,26,2024-05-07,6
890,77,45,2023-12-25,1
891,82,44,2024-08-31,5
892,93,2,2023-12-27,5
893,20,7,2024-11-15,10
894,65,47,2024-08-17,2
895,71,41,2024-07-25,7
896,80,1,2024-09-30,4
897,39,42,2024-04-20,4
898,51,19,2024-09-24,1
899,97,12,2024-01-23,2
900,78,37,2024-11-15,4
901,89,7,2024-03-02,5
902,14,6,2024-02-04,6
903,15,28,2024-09-04,1
904,52,19,2024-12-08,4
905,84,17,2024-04-03,4
906,51,19,2024-02-16,6
907,52,21,2024-03-06,10
908,28,8,2024-01-10,9
909,26,7,2024-08-31,10
910,76,17,2024-08-22,3
911,56,24,2024-11-23,9
912,55,4,2024-02-02,2
913,39,35,2024-01-02,9
914,22,49,2024-12-12,7
915,69,43,2024-10-24,2
916,81,26,2024-03-31,8
917,10,29,2024-11-07,1
918,47,28,2024-04-25,6
919,21,3,2023-12-28,4
920,39,34,2024-09-24,1
921,16,12,2024-06-04,10
922,15,7,2024-12-01,4
923,80,15,2024-11-17,7
924,42,4,2024-09-08,9
925,62,21,2024-03-27,6
926,70,4,2024-10-13,7
927,39,47,2024-03-11,5
928,52,23,2024-11-19,9
929,12,36,2024-11-13,7
930,1,50,2024-02-17,9
931,75,50,2023-12-25,4
932,55,38,2024-10-03,5
933,24,20,2024-08-12,6
934,21,18,2024-09-27,10
935,54,35,2024-08-27,1
936,42,35,2024-08-30,8
937,15,30,2024-07-22,8
938,7,3,2024-07-04,3
939,61,29,2024-09-04,5
940,51,30,2024-05-20,4
941,47,28,2024-03-05,9
942,21,10,2024-12-17,2
943,52,10,2024-10-28,10
944,100,21,2024-02-28,4
945,27,37,2024-05-22,3
946,6,34,2024-03-19,8
947,80,36,2024-07-12,2
948,3,47,2024-12-20,6
949,66,46,2024-05-21,7
950,14,42,2024-03-27,4
951,77,20,2024-01-27,8
952,95,39,2024-05-11,8
953,69,3,2024-08-24,4
954,83,23,2024-11-15,8
955,63,23,2024-12-17,7
956,79,7,2024-07-09,9
957,30,1,2024-09-24,2
958,5,43,2024-04-10,8
959,35,9,2024-03-28,9
960,81,3,2024-11-28,8
961,66,32,2024-05-25,3
962,8,27,2024-07-23,4
963,66,16,2024-02-18,3
964,64,19,2024-02-05,4
965,68,5,2024-09-23,8
966,64,33,2024-04-24,2
967,5,40,2024-08-07,3
968,100,42,2023-12-29,6
969,32,7,2024-12-22,6
970,29,26,2024-03-05,6
971,87,47,2024-09-19,7
972,48,24,2024-10-08,3
973,48,24,2024-06-29,7
974,3,48,2024-12-03,9
975,64,23,2024-03-13,4
976,47,8,2024-06-09,7
977,18,27,2024-08-04,9
978,65,24,2024-09-16,8
979,42,4,2024-03-01,1
980,76,6,2024-01-26,3
981,93,35,2024-08-06,9
982,49,34,2024-11-24,7
983,49,16,2024-02-01,3
984,35,18,2024-05-19,2
985,17,22,2024-10-16,10
986,74,1,2024-01-17,9
987,75,32,2024-08-03,7
988,50,49,2024-06-30,9
989,75,4,2024-04-22,10
990,95,41,2024-09-30,3
991,31,12,2024-07-30,2
992,27,26,2024-10-31,6
993,80,31,2024-01-24,2
994,45,17,2024-04-06,9
995,65,2,2024-07-13,5
996,94,39,2024-05-27,3
997,50,33,2024-08-04,3
998,77,4,2024-05-31,9
999,7,6,2024-02-25,6
1000,9,21,2024-03-20,10
